{
    "Amarilla": {

        "Establecimientos Autorizados": [
                                      "Salones de Belleza",
                                      "Hoteles",
                                      "Restaurantes",
                                      "Tiendas",
                                      "Museos",
                                      "Cines",
                                      "Teatros"

                                      ],
        "Circulan" :["Circulan de 5AM a 10PM"],
        "Restricción en circulación": [
                               "No circula: Viernes y Sabado",
                               "No circula: Lunes y Domingo",
                               "No circula: Lunes y Sabado",
                               "No circula: Martes y Domingo",
                               "No circula: Martes y Sabado",
                               "No circula: Miercoles y Domingo",
                               "No circula: Miercoles y Sabado",
                               "No circula: Jueves y Domingo",
                               "No circula: Jueves y Sabado",
                               "No circula: Viernes y Domingo"
                               ],
        "En alerta": {
  "San José": {
    "Tarrazú": [
      "San Marcos",
      "San Lorenzo",
      "San Carlos"
    ],
    "Acosta": [
      "San Ignacio",
      "Guaitil",
      "Palmichal",
      "Cangrejal",
      "Sabanillas"
    ],
    "Turrubares": [
      "San Pablo",
      "San Pedro",
      "San Luis",
      "San Juan de Mata",
      "Carara"
    ],
    "Dota": [
      "Santa Maria",
      "Jardin",
      "Copey"
    ],
    "Pérez Zeledón": [
      "San Isidro de El General",
      "General Viejo",
      "Daniel Flores",
      "Rivas",
      "San Pedro",
      "Platanares",
      "Pejibaye",
      "Cajon",
      "Baru",
      "Rio Nuevo",
      "Paramo"
    ],
    "León Cortés Castro": [
      "San Pablo",
      "San Andres",
      "Llano Bonito",
      "San Isidro",
      "Santa Cruz",
      "San Antonio"
    ]
  },
  "Alajuela": {
    "San Mateo": [
      "San Mateo",
      "Desmonte",
      "Jesús María"
    ],
    "Orotina": [
      "Orotina",
      "Mastate",
      "Hacienda Vieja",
      "Coyolar",
      "La Ceiba"
    ],
    "San Carlos": [
      "Quesada",
      "Florencia",
      "Buenavista",
      "Aguas Zarcas",
      "Venecia",
      "Pital",
      "La Fortuna",
      "La Tigra",
      "La Palmera",
      "Venado",
      "Cutris",
      "Monterrey",
      "Pocosol"
    ],
    "Río Cuarto": [
      "Río Cuarto"
    ]
  },
  "Cartago": {
    "Jiménez": [
      "Juan Vinas",
      "Tucurrique",
      "Pejibaye"
    ],
    "Turrialba": [
      "Turrialba",
      "La Suiza",
      "Peralta",
      "Santa Cruz",
      "Santa Teresita",
      "Pavones",
      "Tuis",
      "Tayutic",
      "Santa Rosa",
      "Tres Equis",
      "La Isabel",
      "Chirripo"
    ]
  },
  "Heredia": {
    "Sarapiquí": [
      "Puerto Viejo",
      "La Virgen",
      "Orquetas",
      "Lanuras del Gaspar",
      "Cureña"
    ]
  },
  "Guanacaste": {
    "Nicoya": [
      "Nicoya",
      "Mansión",
      "San Antonio",
      "Quebrada Honda",
      "Sámara",
      "Nosara",
      "Belén de Nosarita"
    ],
    "Santa Cruz": [
      "Santa Cruz",
      "Bolson",
      "Veintisiete de Abril",
      "Tempate",
      "Cartagena",
      "Cuajiniquil",
      "Diriá",
      "Cabo Velas",
      "Tamarindo"
    ],
    "Abangares": [
      "Colorado",
      "Juntas",
      "San Juan",
      "Sierra"
    ],
    "Tilarán": [
      "Tilarán",
      "Quebrada Grande",
      "Tronadora",
      "Santa Rosa",
      "Libano",
      "Tierras Morenas",
      "Arenal"
    ],
    "Nandayure": [
      "Carmona",
      "Santa Rita",
      "Zapotal",
      "San Pablo",
      "Porvenir",
      "Bejuco"
    ],
    "La Cruz": [
      "La Cruz",
      "Santa Cecilia",
      "Garita",
      "Santa Elena"
    ],
    "Hojancha": [
      "Hojancha",
      "Monte Romo",
      "Puerto Carrillo",
      "Huacas"
    ]
  },
  "Puntarenas": {
    "Puntarenas": [
      "Lepanto",
      "Monte Verde",
      "Isla del Coco",
      "Cóbano",
      "Chira",
      "Isla Caballo",
      "Isla San Lucas",
      "Isla Venado"
    ],
    "Esparza": [
      "Espiritu Santo",
      "San Juan Grande",
      "Macacona",
      "San Rafael",
      "San Jeronimo"
    ],
    "Buenos Aires": [
      "Buenos Aires",
      "Volcan",
      "Potrero Grande",
      "Boruca",
      "Pilas",
      "Colinas",
      "Changena",
      "Briolley",
      "Brunka"
    ],
    "Montes de Oro": [
      "Miramar",
      "La Unión",
      "San Isidro"
    ],
    "Osa": [
      "Puerto Cortés",
      "Palmar",
      "Bahia Ballena",
      "Sierpe",
      "Piedras Blancas"
    ],
    "Aguirre": [
      "Quepos",
      "Savegre",
      "Naranjito"
    ],
    "Coto Brus": [
      "San Vito",
      "Sabalito",
      "Aguabuena",
      "Limóncito",
      "Pittier"
    ],
    "Parrita": [
      "Parrita"
    ],
    "Corredores": [
      "Corredor",
      "La Cuesta",
      "Canoas",
      "Laurel"
    ]
  },
  "Limón": {
    "Limón": [
      "Limón",
      "Valle La Estrella",
      "Río Blanco",
      "Matama"
    ],
    "Siquirres": [
      "Siquirres",
      "Pacuarito",
      "Florida",
      "Germania",
      "Cairo",
      "Alegría"
    ],
    "Matina": [
      "Matina",
      "Batán",
      "Carrandi"
    ]
  }
}


    },

     "Naranja": {

        "Establecimientos Autorizados": [
                               "Supermercados",
                               "Centros médicos",
                               "Servicios a domicilio de alimentos",
                               "Bancos",
                               "Veterinarios",
                               "Carnicerías",
                               "Verdurerías"
                               ],
        "Circulan":["Circulan de 5AM a 5PM"],
        "Restricción en circulación":  [
                               "No circula: Viernes y Sabado",
                               "No circula: Lunes y Domingo",
                               "No circula: Lunes y Sabado",
                               "No circula: Martes y Domingo",
                               "No circula: Martes y Sabado",
                               "No circula: Miercoles y Domingo",
                               "No circula: Miercoles y Sabado",
                               "No circula: Jueves y Domingo",
                               "No circula: Jueves y Sabado",
                               "No circula: Viernes y Domingo"
                               ],
        "En alerta": {
  "San José": {
    "Puriscal": [
      "Santiago",
      "Mercedes Sur",
      "Barbacoas",
      "Grifo Alto",
      "San Rafael",
      "Candelarita",
      "Desamparaditos",
      "San Antonio",
      "Chires"
    ],
    "San José": [
      "San José",
      "Merced",
      "Hospital",
      "Catedral",
      "Zapote",
      "San Francisco de Dos Ríos",
      "Uruca",
      "Mata Redonda",
      "Pavas",
      "Hatillo",
      "San Sebastian"
    ],
    "Escazú": [
      "Escazú",
      "San Antonio",
      "San Rafael"
    ],
    "Desamparados": [
      "Desamparados",
      "San Miguel",
      "San Juan de Dios",
      "San Rafael Arriba",
      "San Antonio",
      "Frailes",
      "Patarrá",
      "San Cristóbal",
      "Rosario",
      "Damas",
      "San Rafael Abajo",
      "Gravilias",
      "Los Guido"
    ],
    "Aserrí": [
      "Aserrí",
      "Tarbaca",
      "Vuelta de Jorco",
      "San Gabriel",
      "Legua",
      "Monterrey",
      "Salitrillos"
    ],
    "Mora": [
      "Colon",
      "Guayabo",
      "Tabarcia",
      "Piedras Negras",
      "Picagres"
    ],
    "Goicoechea": [
      "Guadalupe",
      "San Francisco",
      "Calle Blancos",
      "Mata de Platano",
      "Ipis",
      "Rancho Redondo",
      "Purral"
    ],
    "Santa Ana": [
      "Santa Ana",
      "Salitral",
      "Pozos",
      "Uruca",
      "Piedades",
      "Brasil"
    ],
    "Alajuelita": [
      "Alajuelita",
      "San Josécito",
      "San Antonio",
      "Concepcion",
      "San Felipe"
    ],
    "Vázquez de Coronado": [
      "San Isidro",
      "San Rafael",
      "Dulce Nombre de Jesus",
      "Patalillo",
      "Cascajal"
    ],
    "Tibás": [
      "San Juan",
      "Cinco Esquinas",
      "Anselmo Llorente",
      "Leon XIII",
      "Colima"
    ],
    "Moravia": [
      "San Vicente",
      "La Trinidad",
      "San Jeronimo"
    ],
    "Montes de Oca": [
      "San Pedro",
      "Sabanilla",
      "Mercedes",
      "San Rafael"
    ],
    "Curridabat": [
      "Curridabat",
      "Granadilla",
      "Sanchez",
      "Tirrases"
    ]
   },
  "Alajuela": {
   "San Carlos": [
      "Florencia",
      "La Fortuna"
    ],
    "Upala": [
      "Upala",
      "Aguas Claras",
      "San José(Pizote)",
      "Bijagua",
      "Delicias",
      "Dos Ríos",
      "Yolillal"
    ],
    "Los Chiles": [
      "Los Chiles",
      "Caño Negro",
      "El Amparo",
      "San Jorge"
    ],
    "Guatuso": [
      "San Rafael",
      "Buenavista",
      "Cote",
      "Katira"
    ],
    "Alajuela": [
      "Alajuela",
      "San José",
      "Carrizal",
      "San Antonio",
      "Guácima",
      "San Isidro",
      "Sabanilla",
      "San Rafael",
      "Río Segundo",
      "Desamparados",
      "Turrucares",
      "Tambor",
      "Garita",
      "Sarapiquí"
    ],
    "Atenas": [
      "Atenas",
      "Jesús",
      "Mercedes",
      "San Isidro",
      "Concepción",
      "San José",
      "Santa Eulalia",
      "Escobal"
    ],
    "Poás": [
      "San Pedro",
      "San Juan",
      "San Rafael",
      "Carrillos",
      "Sabana Redonda"
    ],
    "Grecia": [
      "Grecia",
      "San Isidro",
      "San José",
      "San Roque",
      "Tacares",
      "Río Cuarto",
      "Puente de Piedra",
      "Bolívar"
    ],
    "Sarchí": [
      "Sarchí Norte",
      "Sarchí Sur",
      "Toro Amarrillo",
      "San Pedro",
      "Rodriguez"
    ],
    "Palmares": [
      "Palmares",
      "Zaragoza",
      "Buenos Aires",
      "Santiago",
      "Candelaria",
      "Esquipulas",
      "La Granja"
    ],
    "Naranjo": [
      "Naranjo",
      "San Miguel",
      "San José",
      "Cirrí Sur",
      "San Jerónimo",
      "San Juan",
      "San Juan",
      "Palmitos"
    ],
    "San Ramón": [
      "San Ramón",
      "Santiago",
      "San Juan",
      "Piedades Norte",
      "Piedades Sur",
      "San Rafael",
      "San Isidro",
      "Ángeles",
      "Alfaro",
      "Volio",
      "Concepción",
      "Zapotal",
      "Peñas Blancas"
    ],
    "Zarcero": [
      "Zarcero",
      "Laguna",
      "Tapesco",
      "Palmira",
      "Guadalupe",
      "Zapote",
      "Brisas, Santa Rosa"
    ]
  },
  "Cartago": {
    "Cartago": [
      "Oriental",
      "Occidental",
      "Carmen",
      "San Nicolás",
      "Aguacaliente (San Francisco)",
      "Guadalupe (Arenilla)",
      "Corralillo",
      "Tierra Blanca",
      "Dulce Nombre",
      "Llano Grande",
      "Quebradilla"
    ],
    "Paraíso": [
      "Paraíso",
      "Santiago",
      "Orosi",
      "Cachí",
      "Llanos de Santa Lucía"
    ],
    "La Unión": [
      "Tres Ríos",
      "San Diego",
      "San Juan",
      "San Rafael",
      "Concepción",
      "Dulce Nombre",
      "San Ramón",
      "Río Azul"
    ],
    "Alvarado": [
      "Pacayas",
      "Cervantes",
      "Capellades"
    ],
    "Oreamuno": [
      "San Rafael",
      "Cot",
      "Potrero Cerrado",
      "Cipreses",
      "Santa Rosa"
    ],
    "El Guarco": [
      "Tejar",
      "San Isidro",
      "Tobosi",
      "Patio de Agua"
    ]
   },
  "Heredia": {
    "Heredia": [
      "Heredia",
      "Mercedes",
      "San Francisco",
      "Ulloa",
      "Varablanca"
    ],
    "Barva": [
      "Barva",
      "San Pedro",
      "San Pablo",
      "San Roque",
      "Santa Lucía",
      "San José de la Montaña"
    ],
    "Santo Domingo": [
      "Santo Domingo",
      "San Vicente",
      "San Miguel",
      "Paracito",
      "Santo Tomas",
      "Santa Rosa",
      "Tures",
      "Pará"
    ],
    "Santa Bárbara": [
      "Santa Bárbara",
      "San Pedro",
      "San Juan",
      "Jesús",
      "Purabá",
      "Santo Domingo"
    ],
    "San Rafael": [
      "San Rafael",
      "San Josécito",
      "Santiago",
      "Ángeles",
      "Concepción"
    ],
    "San Isidro": [
      "San Isidro",
      "San José",
      "Concepción",
      "San Francisco"
    ],
    "Belén": [
      "San Antonio",
      "Ribera",
      "La Asunción"
    ],
    "Flores": [
      "San Joaquín",
      "Barrantes",
      "Llorente"
    ],
    "San Pablo": [
      "San Pablo",
      "Rincón de Sabanilla"
    ]
   },
  "Guanacaste": {
    "Bagaces": [
      "Bagaces",
      "La Fortuna",
      "Mogote",
      "Río Naranjo"
    ],
    "Liberia": [
      "Liberia",
      "Cañas Dulces",
      "Mayorga",
      "Nacascolo",
      "Curubandé"
    ],
    "Carrillo": [
      "Filadelfia",
      "Palmira",
      "Sardinal",
      "Belén"
    ],
    "Cañas": [
      "Cañas",
      "San Miguel",
      "Palmira",
      "Bebedero",
      "Porozal"
    ]
   },
  "Puntarenas": {
    "Puntarenas": [
      "Puntarenas",
      "Pitahaya",
      "Chomes",
      "Paquera",
      "Manzanillo",
      "Guacimal",
      "Barranca",
      "Chacarita",
      "Acapulco",
      "El Roble",
      "Arancibia"
    ],
    "Golfito": [
      "Golfito",
      "Puerto Jiménez",
      "Guaycará",
      "Pavón"
    ],
    "Garabito": [
      "Jacó",
      "Tárcoles"
    ]
   },
  "Limón": {
    "Pococí": [
      "Guápiles",
      "Jiménez",
      "Rita",
      "Roxana",
      "Cariari",
      "Colorado"
    ],
    "Talamanca": [
      "Bratsi",
      "Sixaola",
      "Cahuita",
      "Telire"
    ],
    "Guácimo": [
      "Guácimo",
      "Mercedes",
      "Pocora",
      "Río Jiménez",
      "Duacarí"
    ]
   }
}


    }

}
